vib_rms_mms,vib_peak_to_peak_mms,bearing_temp_c,motor_current_a,dominant_freq_hz,load_pct,incipient_failure
2.4,5.98,56.62,22.28,28.27,65.76,0
2.14,5.65,59.28,25.42,29.94,65.47,0
2.46,5.04,56.04,26.76,30.04,52.04,0
2.81,4.55,58.46,33.66,30.95,66.7,0
2.11,5.49,50.53,29.67,27.27,77.33,0
2.11,5.28,61.07,23.99,31.19,57.26,0
2.83,5.63,60.01,29.46,24.59,80.48,0
2.51,5.44,55.91,23.36,28.74,74.88,0
2.01,5.73,63.3,31.25,29.02,62.66,0
2.42,4.63,64.69,26.59,31.27,68.58,0
2.01,5.92,51.96,27.72,30.05,85.98,0
2.01,5.14,56.19,31.98,27.19,77.34,0
2.3,6.45,56.15,24.14,28.03,70.09,0
1.43,4.52,55.3,23.81,30.4,67.62,0
1.51,6.22,64.15,26.25,29.84,70.77,0
1.98,5.14,59.03,31.12,28.84,64.88,0
1.79,4.54,58.68,23.44,29.04,48.95,0
2.33,4.66,49.98,19.5,31.39,90.42,0
1.84,4.78,63.18,26.65,28.96,71.55,0
1.64,5.3,53.8,29.66,29.82,73.98,0
2.79,5.37,60.3,31.6,34.34,69.42,0
2.11,4.6,61.39,26.61,27.15,62.65,0
2.23,4.98,66.8,26.77,26.3,68.14,0
1.63,6.5,53.46,31.46,31.57,54.01,0
1.98,6.21,44.9,22.39,28.64,92.77,0
2.24,5.31,60.92,26.83,29.36,57.65,0
1.74,5.03,69.0,28.57,28.44,59.68,0
2.35,5.08,66.19,29.35,29.48,65.6,0
1.96,5.43,61.05,26.47,33.2,82.88,0
2.08,4.28,57.54,28.1,31.6,70.15,0
1.96,4.82,64.04,20.54,31.72,57.64,0
2.94,3.83,55.13,26.03,27.17,82.54,0
2.19,5.28,62.38,29.36,27.7,77.31,0
1.78,5.45,62.53,25.05,24.32,75.38,0
2.53,4.66,65.3,28.18,28.38,77.16,0
1.71,6.1,73.8,29.34,31.91,93.94,0
2.28,4.14,61.96,26.97,31.03,91.85,0
1.42,3.97,57.46,28.51,29.56,63.13,0
1.67,5.16,59.87,25.11,29.96,86.24,0
2.28,5.73,51.15,27.38,28.62,73.83,0
2.5,6.18,56.53,29.83,30.41,74.99,0
2.27,4.68,57.95,28.47,31.53,53.08,0
2.15,5.76,57.38,26.24,26.77,68.3,0
2.08,4.97,60.76,28.67,30.6,61.87,0
1.61,4.88,55.89,30.14,31.86,78.28,0
1.91,5.62,65.61,21.85,29.17,80.71,0
2.02,5.46,60.0,31.48,31.4,49.26,0
2.62,3.9,59.95,26.99,35.63,69.78,0
2.34,6.03,58.36,29.28,29.79,81.22,0
1.49,5.97,60.78,31.59,30.79,68.13,0
2.33,4.56,64.13,23.88,28.52,77.29,0
2.05,5.28,55.66,25.87,30.36,73.51,0
1.93,5.35,56.71,27.13,30.92,73.42,0
2.44,5.18,58.48,25.65,30.39,67.29,0
2.61,4.61,53.27,33.2,27.96,57.83,0
2.57,4.53,55.9,25.43,30.41,58.78,0
1.86,4.98,57.62,26.33,32.92,77.09,0
2.08,5.82,64.37,28.61,30.9,70.19,0
2.33,5.38,61.31,24.39,31.92,68.61,0
2.59,4.74,60.97,26.81,29.53,65.76,0
2.01,5.54,64.25,28.95,31.5,66.95,0
2.13,3.01,59.31,27.0,30.56,80.47,0
1.76,5.8,61.95,27.72,28.1,66.65,0
1.72,3.78,59.48,26.41,30.64,56.59,0
2.53,4.75,61.33,23.46,28.02,77.44,0
2.74,4.22,57.09,28.96,28.73,67.95,0
2.17,4.09,47.81,33.26,30.38,70.31,0
2.6,5.81,59.33,28.06,30.59,86.08,0
2.34,4.67,67.11,28.68,27.62,69.79,0
1.94,5.24,64.63,30.08,32.11,72.89,0
2.34,4.97,64.83,24.19,31.14,58.21,0
2.82,5.33,66.18,33.11,28.59,67.8,0
2.19,5.05,60.44,28.61,26.92,76.1,0
2.83,4.1,60.99,32.9,29.71,54.45,0
1.15,5.7,56.91,25.8,29.11,72.01,0
2.53,4.65,58.42,33.45,30.23,71.01,0
2.23,3.91,63.08,30.33,29.27,70.41,0
2.08,4.7,66.02,29.66,25.99,80.37,0
2.24,6.05,59.3,28.7,29.22,73.34,0
1.4,5.6,57.75,27.25,29.39,84.78,0
2.11,4.76,60.0,31.6,31.27,60.06,0
2.34,4.76,63.01,28.42,28.6,71.36,0
2.79,4.77,52.78,22.1,33.36,70.84,0
1.99,6.45,48.52,24.65,26.18,59.31,0
1.88,5.27,57.25,27.44,32.62,79.56,0
2.0,5.3,53.9,28.93,29.55,93.25,0
2.57,5.72,57.46,27.83,31.72,69.83,0
2.33,5.17,59.26,31.66,30.16,75.05,0
1.99,4.82,57.73,22.15,32.28,70.85,0
2.41,4.86,67.26,28.43,29.23,62.86,0
2.24,4.95,61.63,22.55,27.8,51.79,0
2.59,4.97,61.5,30.28,32.84,62.94,0
1.92,5.51,63.11,27.72,29.77,56.08,0
2.07,5.04,54.31,29.26,30.44,87.04,0
2.04,5.51,65.2,25.41,32.47,68.85,0
1.61,4.94,59.62,31.84,27.94,66.54,0
2.32,5.06,63.35,31.13,31.19,78.89,0
2.3,3.6,54.64,29.75,28.82,58.78,0
2.2,5.64,52.23,27.61,29.74,62.33,0
2.11,5.24,64.09,29.74,30.14,70.68,0
1.63,5.7,61.88,25.88,27.0,80.29,0
2.03,2.97,55.49,30.57,28.44,75.02,0
2.06,6.46,55.65,32.95,32.7,72.48,0
1.88,4.9,65.63,31.21,31.77,70.78,0
2.14,5.78,54.05,25.81,29.87,74.0,0
2.36,4.27,68.21,29.08,30.49,72.02,0
2.95,5.43,55.5,24.12,29.41,59.7,0
2.27,4.26,63.19,29.72,32.71,70.46,0
2.3,4.56,58.36,29.35,29.6,59.26,0
2.17,6.34,63.02,22.39,30.46,70.81,0
1.43,4.87,57.28,24.51,32.29,65.19,0
2.19,5.15,59.19,27.15,28.45,95.39,0
2.22,5.61,60.2,27.1,33.12,69.6,0
3.19,5.35,54.99,24.37,26.94,55.96,0
2.12,5.11,63.7,29.17,33.26,68.66,0
2.32,5.26,57.43,28.75,29.25,75.19,0
2.19,6.68,58.86,27.42,29.51,86.73,0
1.73,4.96,55.03,25.73,26.22,64.11,0
2.66,5.14,47.19,31.15,29.09,54.18,0
2.5,5.74,59.04,32.97,27.92,78.17,0
2.52,5.77,72.06,26.55,28.78,56.19,0
1.84,5.83,63.92,26.16,29.73,65.64,0
2.76,5.45,59.9,29.47,31.92,67.42,0
1.64,4.2,58.69,26.93,30.42,69.3,0
2.43,6.14,60.11,27.58,30.62,76.89,0
3.08,4.2,62.74,30.22,27.81,63.16,0
1.8,5.21,54.1,22.27,28.24,67.26,0
1.97,4.47,65.57,31.95,33.6,69.86,0
2.24,4.96,63.58,28.22,28.53,71.5,0
2.0,5.23,63.59,26.77,33.31,70.98,0
1.58,5.22,62.19,27.73,29.51,74.36,0
2.23,5.3,60.1,27.89,30.0,78.44,0
1.78,6.13,63.36,22.81,32.14,73.93,0
2.39,5.32,62.96,32.48,32.54,74.54,0
1.83,4.83,58.23,28.12,29.78,54.18,0
2.82,5.67,57.13,29.33,29.22,70.5,0
1.89,5.83,60.51,30.85,29.89,74.8,0
2.07,4.14,67.75,24.94,30.68,77.29,0
2.53,5.42,53.8,29.42,31.78,63.08,0
1.71,5.49,52.66,27.2,30.01,63.41,0
2.29,4.79,60.82,30.54,31.24,64.26,0
2.72,5.96,60.25,21.62,33.28,75.36,0
1.56,4.89,60.87,27.7,30.76,80.34,0
2.27,5.09,61.22,26.19,30.62,65.93,0
2.3,4.88,58.88,29.3,26.96,79.08,0
2.51,5.01,67.45,29.41,24.74,71.23,0
1.71,4.23,52.0,25.88,30.78,68.76,0
1.67,3.99,55.86,25.86,29.81,67.89,0
2.41,6.12,59.48,27.67,28.97,77.47,0
2.32,4.41,51.78,25.31,30.49,73.26,0
2.3,4.31,59.12,30.53,29.88,92.76,0
2.34,3.49,68.31,26.89,32.26,61.48,0
1.93,4.55,60.1,19.28,30.17,75.18,0
2.29,4.07,61.15,26.88,28.51,64.71,0
2.32,6.15,53.7,24.88,31.98,61.31,0
1.91,5.71,56.92,23.11,29.57,69.89,0
2.95,4.52,58.12,24.29,31.05,71.37,0
2.39,6.58,58.41,28.33,29.05,99.18,0
1.72,5.69,66.41,31.99,28.7,68.16,0
2.46,4.77,62.79,28.94,30.17,58.7,0
1.81,3.25,54.44,26.18,30.03,72.73,0
2.51,6.6,61.23,29.37,30.96,49.25,0
2.66,4.03,62.49,26.62,29.46,69.08,0
1.87,3.85,65.7,25.92,26.33,70.16,0
2.59,5.72,67.9,24.54,29.13,77.95,0
2.37,6.71,54.92,22.74,31.59,79.74,0
2.53,5.97,55.95,26.83,29.41,64.96,0
2.96,5.39,53.71,28.47,29.51,68.49,0
2.1,5.42,58.83,27.71,31.97,62.34,0
1.9,5.6,62.33,26.75,28.58,58.72,0
1.84,5.53,64.94,25.16,26.91,73.1,0
1.87,5.2,59.62,29.82,29.68,57.26,0
2.17,5.07,58.4,24.05,29.03,65.85,0
2.34,4.96,60.76,30.33,28.07,60.05,0
2.31,4.47,55.82,24.99,29.65,75.5,0
2.53,4.8,70.45,25.74,30.98,88.01,0
2.21,3.81,51.96,23.6,29.98,56.98,0
2.78,4.93,60.92,26.5,30.61,51.47,0
2.09,4.31,70.12,30.93,33.63,68.75,0
3.29,4.23,60.03,29.55,29.31,70.16,0
2.45,5.13,59.05,30.94,30.56,72.19,0
1.86,5.97,58.21,29.57,28.98,65.54,0
1.77,5.64,59.1,24.69,28.31,67.99,0
2.39,3.9,66.86,27.01,28.83,73.68,0
2.11,4.31,48.94,25.66,29.04,80.4,0
2.49,5.66,67.67,31.99,30.72,50.45,0
2.39,4.31,52.88,24.41,34.7,66.31,0
2.17,4.84,58.67,30.68,28.57,72.14,0
1.86,5.39,57.85,30.68,29.17,60.82,0
1.59,4.32,62.94,33.49,29.87,87.31,0
2.02,5.07,52.01,26.77,30.79,63.65,0
2.54,4.07,62.31,30.14,30.53,69.59,0
2.29,4.58,70.12,34.84,32.57,75.56,0
1.7,5.22,53.18,26.15,25.15,64.09,0
2.27,3.88,60.95,23.39,25.23,51.53,0
2.35,5.31,56.69,22.36,29.01,65.71,0
1.85,4.99,62.13,30.14,32.19,80.29,0
2.26,5.39,60.1,22.35,26.87,66.63,0
2.22,5.16,56.79,26.88,23.98,61.54,0
1.74,5.95,62.44,29.31,31.14,79.26,0
2.34,5.09,69.02,28.56,30.49,66.69,0
2.42,4.7,59.05,29.28,27.82,64.9,0
2.63,5.09,63.6,28.67,28.03,71.49,0
2.62,5.38,53.53,31.84,28.06,77.71,0
1.65,5.03,55.22,25.14,30.22,93.82,0
1.82,5.03,62.36,25.97,28.75,78.27,0
2.41,4.51,67.42,25.68,30.99,81.6,0
2.41,4.54,61.78,30.49,24.29,64.94,0
2.41,4.02,58.43,30.7,28.29,59.74,0
3.74,6.22,60.0,29.35,27.75,70.62,0
2.43,4.13,53.75,31.55,29.49,71.07,0
2.65,4.51,63.02,24.47,28.92,59.21,0
2.58,4.5,64.41,33.0,31.6,68.25,0
2.46,5.63,57.74,32.57,26.28,73.99,0
2.07,4.79,57.65,30.21,30.09,73.6,0
2.5,5.87,61.33,33.35,31.12,75.04,0
1.89,4.53,57.82,23.03,33.71,72.91,0
2.11,5.2,59.67,26.43,29.04,64.93,0
2.01,4.42,70.5,25.79,30.65,64.86,0
2.23,6.5,58.76,30.16,26.39,58.01,0
3.13,4.17,58.21,24.85,25.22,87.85,0
1.45,5.22,56.76,30.27,31.69,70.13,0
2.47,5.44,63.72,32.11,29.99,67.75,0
1.55,5.29,59.09,30.09,32.36,60.71,0
2.01,4.87,56.75,28.85,27.25,99.36,0
2.64,4.91,66.61,25.04,31.04,59.27,0
2.23,5.03,67.1,25.46,33.74,65.71,0
1.77,4.9,57.0,31.75,30.84,74.16,0
1.91,5.67,50.67,30.34,30.55,76.0,0
2.47,6.55,65.04,27.88,30.02,79.58,0
1.91,4.61,56.58,26.75,26.86,88.08,0
2.29,4.04,63.95,21.92,32.71,75.06,0
2.22,4.94,50.15,24.79,28.78,59.44,0
1.94,6.81,64.46,33.73,31.01,67.43,0
3.06,4.44,53.94,24.16,26.87,73.08,0
2.45,6.15,63.65,28.57,27.64,90.68,0
1.39,6.17,60.07,31.02,32.87,56.02,0
2.27,4.61,55.23,24.24,29.31,82.03,0
1.94,5.4,57.96,28.55,32.91,71.8,0
2.54,6.14,63.43,30.81,29.84,78.38,0
1.88,4.73,60.53,28.04,26.32,68.98,0
2.15,4.86,62.92,36.61,31.78,61.58,0
2.4,4.59,69.88,22.99,28.82,77.51,0
2.55,4.29,52.18,31.18,31.4,76.54,0
1.72,4.55,68.09,27.48,30.05,79.72,0
2.07,4.14,60.52,30.32,26.91,69.87,0
2.01,5.02,55.51,29.32,30.33,64.0,0
1.94,4.46,53.35,25.8,34.39,54.41,0
2.91,5.16,59.05,28.69,30.99,78.19,0
2.36,3.91,64.61,22.43,29.88,74.24,0
1.7,5.23,59.36,29.81,32.15,60.34,0
2.57,5.58,67.56,28.89,30.42,64.61,0
3.05,3.6,52.74,29.92,30.42,65.33,0
2.61,5.26,59.94,31.17,27.82,55.17,0
1.59,5.86,53.74,29.1,30.47,61.82,0
2.01,4.15,61.82,28.44,32.07,58.66,0
2.71,6.17,64.43,25.36,28.33,65.88,0
1.92,5.29,57.9,25.86,32.85,62.61,0
2.38,4.51,46.98,31.56,29.82,53.73,0
2.51,4.96,60.99,32.31,28.22,90.23,0
1.83,5.39,62.18,27.29,32.0,82.53,0
2.18,5.05,62.02,28.14,29.43,62.21,0
0.9,5.38,66.18,25.29,31.52,72.72,0
1.79,4.36,54.64,31.52,29.42,74.17,0
2.1,5.12,63.4,30.0,29.88,81.91,0
1.7,4.01,65.96,33.82,30.99,61.81,0
2.85,4.92,51.11,25.37,30.58,80.92,0
1.63,4.37,61.6,26.87,26.01,64.52,0
2.02,4.49,57.48,28.69,27.76,56.64,0
2.25,5.87,59.59,29.94,31.86,77.24,0
2.78,5.76,61.74,27.35,29.74,82.91,0
1.63,5.43,57.56,25.38,28.95,95.88,0
2.67,4.24,56.62,30.64,27.28,58.0,0
2.2,4.78,60.17,30.16,27.84,76.99,0
1.81,5.85,54.56,25.25,25.96,65.9,0
2.38,5.1,54.57,32.07,29.8,77.83,0
2.28,6.62,63.4,31.51,28.8,55.3,0
1.96,5.28,54.26,28.4,28.07,57.37,0
2.23,5.13,63.33,28.24,29.86,62.24,0
2.05,4.78,62.31,29.66,30.73,70.79,0
2.25,5.09,51.37,25.41,34.19,63.59,0
2.46,4.89,56.61,28.09,26.98,76.59,0
2.83,5.5,65.97,21.54,32.32,80.27,0
1.7,5.67,55.09,30.63,31.95,76.0,0
3.05,4.45,57.68,23.32,28.44,86.19,0
1.42,4.07,62.31,32.51,30.41,74.16,0
2.14,3.71,63.92,27.01,29.08,57.83,0
2.44,5.36,58.74,27.36,30.37,83.63,0
2.31,4.23,57.01,26.12,33.02,63.95,0
1.95,3.49,67.11,27.14,31.21,79.1,0
2.12,5.27,68.69,32.26,31.02,85.74,0
2.0,6.75,64.89,20.54,29.14,74.57,0
1.96,5.0,60.43,31.83,27.03,55.04,0
2.54,5.59,55.96,29.01,29.58,60.82,0
2.34,5.06,55.85,24.38,32.41,83.23,0
1.92,4.93,62.61,24.77,26.95,68.31,0
2.56,5.64,62.09,33.03,27.89,70.8,0
2.32,4.8,67.01,25.16,30.25,77.59,0
2.53,5.19,63.25,24.54,28.03,76.96,0
2.45,5.23,52.48,31.41,28.41,72.79,0
1.87,4.53,65.26,29.02,29.15,67.91,0
1.98,5.69,55.01,25.19,27.27,66.87,0
2.5,4.88,58.08,28.65,28.05,78.58,0
2.44,4.47,61.25,24.92,31.41,75.54,0
2.19,5.38,69.98,31.3,27.39,67.43,0
2.25,4.37,75.55,31.18,26.8,80.82,0
2.71,5.02,63.03,29.6,28.74,68.71,0
1.96,4.99,59.08,29.08,31.46,61.48,0
2.42,5.76,62.67,33.28,29.61,62.41,0
2.12,5.33,64.44,28.0,29.07,60.21,0
2.11,4.98,58.4,24.45,30.09,67.28,0
2.64,5.57,68.98,29.35,26.51,82.34,0
2.53,5.97,61.15,34.26,30.99,61.95,0
2.53,5.39,62.49,24.96,30.77,71.88,0
2.72,5.01,63.33,26.92,29.18,63.43,0
2.21,4.08,62.11,29.25,32.01,67.4,0
2.47,4.25,64.19,27.84,27.75,54.9,0
2.08,4.79,56.91,25.05,32.26,67.79,0
2.33,4.57,57.21,31.37,30.31,68.06,0
2.15,4.87,54.5,34.96,29.33,75.4,0
2.24,5.04,62.2,28.59,29.96,72.23,0
2.44,5.37,63.89,25.29,29.79,58.02,0
1.87,4.95,62.29,23.35,32.44,80.84,0
3.04,5.34,68.37,28.77,27.85,72.1,0
1.8,5.05,59.97,31.31,28.47,71.98,0
1.71,3.62,63.34,29.43,32.07,69.91,0
2.66,4.34,54.54,27.99,28.81,64.82,0
2.52,4.9,58.06,26.23,31.8,72.18,0
2.45,4.15,63.48,24.72,33.4,74.76,0
2.45,5.42,64.25,30.5,29.2,52.53,0
2.2,6.07,58.53,30.74,31.36,64.61,0
1.84,5.85,59.64,23.36,27.69,67.45,0
2.23,4.85,52.41,32.77,31.51,72.56,0
1.93,6.04,58.21,29.72,30.4,81.93,0
2.59,5.1,64.45,32.2,30.95,62.28,0
2.14,4.76,62.88,23.97,28.71,65.02,0
1.87,4.57,62.5,23.9,26.68,64.87,0
2.07,4.79,60.25,27.55,31.01,61.98,0
2.37,4.73,60.04,29.51,25.87,66.53,0
1.97,5.12,56.7,33.39,29.37,77.71,0
1.87,5.11,63.49,30.12,31.88,59.46,0
2.3,5.0,62.1,27.27,30.38,74.28,0
2.3,5.31,62.46,24.92,33.9,52.98,0
2.0,5.83,57.37,31.69,32.05,64.39,0
2.01,5.66,49.23,25.11,28.69,66.71,0
2.29,3.96,65.49,32.89,30.05,86.75,0
1.62,3.21,57.61,27.15,29.91,67.25,0
1.64,5.65,55.69,32.77,26.84,47.99,0
1.91,4.04,63.47,30.04,28.12,50.01,0
2.11,4.84,58.04,27.59,28.88,70.34,0
2.32,4.18,65.3,26.44,25.93,76.14,0
2.79,3.74,63.09,26.98,30.09,73.75,0
2.54,5.38,63.42,29.28,29.5,71.68,0
2.14,5.53,53.17,28.23,26.65,81.62,0
2.19,4.6,66.06,26.22,30.81,64.6,0
1.8,3.19,61.31,27.5,31.43,78.95,0
2.19,4.62,58.15,28.24,30.45,53.68,0
2.08,5.27,60.72,21.61,29.35,60.95,0
2.33,3.96,51.12,29.37,31.18,51.93,0
1.87,5.13,62.04,25.06,31.36,67.25,0
2.41,4.99,54.85,24.54,30.61,69.54,0
2.81,5.41,53.24,22.94,28.35,71.14,0
2.16,5.08,52.39,22.62,30.55,70.62,0
2.36,4.32,65.56,23.93,32.39,60.72,0
2.48,5.84,56.85,25.87,28.81,68.1,0
2.04,4.89,67.67,33.86,34.2,55.03,0
2.29,4.98,57.32,26.42,28.95,83.63,0
2.21,4.35,51.46,28.53,30.06,66.96,0
2.24,4.69,54.42,29.2,28.66,65.11,0
1.89,4.38,66.18,28.39,30.45,85.89,0
2.21,4.88,59.22,27.77,26.52,57.58,0
2.4,6.2,57.26,24.41,28.91,58.74,0
2.78,4.04,60.8,32.35,27.82,59.04,0
2.58,3.87,62.51,33.42,30.27,69.32,0
3.06,6.03,65.59,22.95,31.99,74.32,0
1.89,4.85,67.24,24.93,31.29,77.4,0
2.55,4.53,58.2,27.16,25.26,95.72,0
2.27,5.73,53.37,25.11,34.08,47.51,0
3.08,4.58,57.93,29.52,30.59,76.09,0
1.88,6.28,61.3,25.82,28.45,64.43,0
1.86,5.47,55.18,34.5,30.31,64.14,0
1.96,4.66,55.21,31.57,30.35,63.8,0
1.35,6.51,61.72,28.64,28.67,60.91,0
1.99,4.58,59.76,31.08,30.4,86.85,0
1.9,5.52,60.16,31.32,28.79,78.42,0
2.26,5.21,56.21,26.31,29.19,70.23,0
2.34,5.91,58.85,25.55,28.63,83.51,0
2.95,6.09,55.38,28.23,27.13,54.87,0
2.58,5.02,64.45,30.58,30.29,56.69,0
1.97,4.47,65.18,28.42,31.17,48.22,0
1.84,5.32,50.77,23.27,31.03,63.01,0
2.4,4.53,55.35,25.59,31.64,71.62,0
1.67,6.41,52.52,27.78,30.65,71.03,0
2.93,5.1,56.75,27.77,28.93,71.49,0
2.67,4.74,59.58,33.92,31.68,55.89,0
2.01,5.13,52.75,23.84,27.28,78.03,0
1.51,4.06,55.39,29.52,28.2,72.4,0
2.74,4.32,54.98,32.47,28.07,77.33,0
2.15,5.84,61.04,34.81,32.16,51.07,0
2.7,4.54,60.35,26.79,31.89,73.11,0
1.56,4.27,56.39,29.47,30.97,58.12,0
1.96,5.38,60.88,29.71,32.14,66.03,0
2.2,5.83,57.27,28.59,28.24,75.34,0
2.22,5.5,58.64,27.7,30.7,70.91,0
2.02,5.7,68.37,29.31,29.75,61.48,0
2.45,4.47,66.7,20.4,31.69,70.06,0
1.77,4.0,53.5,30.05,29.77,54.68,0
2.14,6.05,64.15,28.38,29.23,81.5,0
2.25,4.77,64.06,27.33,31.08,67.95,0
2.41,4.82,54.26,34.14,31.75,81.19,0
2.48,5.93,64.09,25.98,28.66,64.73,0
1.75,5.39,67.69,26.79,29.88,64.76,0
1.59,5.32,54.39,33.97,27.88,62.36,0
2.71,6.52,55.41,25.5,25.0,78.76,0
2.33,4.55,65.09,26.35,30.4,62.91,0
1.9,5.65,61.36,27.56,31.22,76.45,0
2.82,5.04,62.76,30.52,30.52,66.18,0
2.25,5.19,61.7,28.62,26.1,50.24,0
2.67,6.07,61.95,24.12,29.3,64.3,0
2.23,5.36,53.37,26.4,25.56,58.21,0
3.02,5.38,65.24,26.18,32.74,70.34,0
2.9,5.75,65.85,27.77,27.83,58.1,0
2.1,4.74,58.85,29.28,32.51,79.26,0
2.59,4.41,59.78,29.25,31.89,69.09,0
2.46,4.27,52.34,22.67,28.2,68.22,0
2.75,3.62,62.57,31.19,27.73,76.56,0
1.81,6.44,62.86,28.76,30.7,79.64,0
2.47,4.23,59.69,32.15,28.31,69.8,0
2.62,4.85,65.62,29.33,30.2,62.29,0
1.5,4.81,58.33,31.3,29.03,52.26,0
1.73,5.22,62.82,29.4,26.44,63.14,0
1.38,5.57,54.9,32.04,25.54,63.83,0
2.09,5.6,59.88,29.57,30.45,71.07,0
2.49,4.59,59.13,27.71,28.88,66.55,0
2.8,4.88,61.13,34.82,28.89,76.88,0
2.23,5.2,58.15,30.67,31.39,63.87,0
2.85,4.83,59.34,29.72,32.35,69.43,0
1.65,6.13,64.13,24.17,29.45,81.84,0
1.52,5.34,57.82,24.14,29.32,73.42,0
2.18,5.51,51.97,28.88,31.0,69.4,0
2.35,5.46,68.75,28.44,27.29,63.98,0
2.19,5.82,66.91,26.16,30.45,63.67,0
1.37,5.13,53.54,28.42,31.1,61.49,0
2.16,4.09,63.45,32.77,31.36,64.59,0
1.68,5.28,57.49,30.09,26.13,77.56,0
2.47,4.54,61.32,24.58,28.48,67.78,0
2.35,4.63,61.47,27.67,28.24,56.5,0
1.82,5.41,58.83,25.59,30.2,87.68,0
1.99,5.87,56.08,26.84,30.96,73.2,0
1.78,5.01,56.55,26.76,32.99,55.93,0
2.17,5.22,55.42,26.57,29.01,65.58,0
2.58,6.19,55.84,24.23,29.0,71.11,0
1.81,5.17,59.66,27.62,32.3,87.05,0
2.4,6.82,56.42,26.32,30.59,58.92,0
1.99,5.4,63.41,19.21,32.54,79.76,0
1.88,3.77,67.44,34.16,30.58,83.99,0
2.16,5.53,57.1,31.27,27.69,63.71,0
1.79,5.27,61.2,26.87,27.33,67.22,0
1.98,5.9,62.5,28.06,26.9,59.64,0
1.72,5.47,62.36,24.49,31.32,67.97,0
2.99,4.9,60.38,33.09,32.38,69.63,0
2.21,4.14,63.71,33.69,33.7,76.6,0
1.92,4.85,62.41,28.47,31.69,80.9,0
2.29,4.4,53.81,31.07,32.33,62.52,0
2.16,4.59,64.35,28.53,28.84,50.33,0
2.11,5.41,64.44,23.99,27.69,69.79,0
2.45,6.17,56.18,26.76,31.7,72.94,0
2.5,5.28,60.19,28.4,30.84,72.49,0
1.99,4.16,63.42,26.64,30.21,66.73,0
1.97,5.31,58.95,27.34,30.77,71.25,0
2.09,5.84,65.36,27.73,30.65,85.15,0
1.28,4.57,71.82,27.76,32.57,73.82,0
1.59,4.91,56.07,28.16,32.59,66.27,0
2.75,5.01,53.09,24.82,31.09,65.0,0
2.86,4.45,61.52,25.85,31.69,68.3,0
2.1,5.45,63.61,24.15,31.03,86.37,0
2.43,4.92,58.85,30.93,29.08,68.17,0
2.32,5.29,67.27,21.68,31.51,69.8,0
3.43,4.38,53.31,31.46,27.21,65.18,0
2.65,4.69,63.46,32.16,32.11,80.99,0
2.15,5.51,56.97,27.09,27.61,89.6,0
1.82,4.74,68.6,20.19,30.57,74.51,0
1.56,6.21,69.96,26.92,28.31,70.83,0
2.28,4.72,56.17,27.81,31.11,70.37,0
1.9,5.16,57.25,24.97,29.93,46.16,0
1.63,5.65,64.3,26.45,26.81,77.45,0
1.94,4.01,58.06,32.59,30.84,71.34,0
1.77,3.77,59.77,29.99,28.84,74.28,0
2.87,3.93,60.13,25.23,31.76,62.89,0
2.55,5.88,50.4,23.21,30.0,66.16,0
2.2,4.61,59.93,27.02,30.79,65.89,0
2.79,6.79,56.55,27.36,28.08,80.22,0
2.23,4.61,57.53,29.49,28.82,66.21,0
1.86,5.13,67.22,26.39,29.08,90.83,0
2.81,6.08,53.72,29.53,31.71,74.31,0
2.42,6.4,64.07,33.81,33.35,57.24,0
1.79,6.44,58.61,30.45,28.39,68.71,0
2.12,5.85,58.6,27.86,32.15,63.48,0
1.85,5.72,63.95,27.45,25.66,48.06,0
1.65,5.41,61.7,26.93,27.61,85.99,0
2.57,5.54,62.85,31.54,28.08,77.03,0
2.96,4.61,64.84,26.12,27.29,75.33,0
1.64,4.43,58.34,28.14,26.83,71.65,0
2.43,5.0,56.94,28.15,30.83,56.18,0
1.94,4.88,54.57,26.49,29.57,65.16,0
2.01,4.68,55.87,23.88,30.76,78.42,0
1.96,5.49,74.75,28.97,31.38,59.49,0
1.85,5.67,66.22,27.82,30.53,44.68,0
2.22,5.06,53.24,29.5,31.32,67.73,0
1.87,6.03,53.39,26.4,29.86,68.58,0
2.31,4.2,62.41,31.66,27.63,71.36,0
2.18,4.86,62.74,25.37,32.12,77.29,0
2.1,4.5,62.74,33.14,28.82,76.38,0
1.84,3.69,58.73,22.76,28.13,72.59,0
1.97,4.94,59.37,29.3,29.64,81.96,0
2.5,4.91,61.64,29.43,28.17,54.81,0
2.4,6.06,60.43,25.61,29.17,75.05,0
1.81,5.44,48.9,29.27,30.69,76.27,0
2.24,4.28,58.85,31.84,30.7,57.6,0
2.5,6.3,55.74,21.35,28.2,54.97,0
1.53,5.85,60.88,29.51,29.02,62.54,0
2.42,5.41,74.93,20.52,32.15,63.38,0
1.93,4.84,61.84,25.1,30.99,77.53,0
2.43,4.33,58.43,32.89,34.15,63.85,0
1.89,4.74,64.61,26.25,32.36,61.44,0
1.48,5.76,62.41,24.48,32.29,63.88,0
1.55,6.32,62.1,27.41,27.22,81.19,0
2.22,6.08,63.03,34.2,31.53,70.13,0
2.3,4.66,70.28,22.5,29.89,68.21,0
1.84,4.22,54.35,24.85,28.9,68.9,0
2.46,5.1,62.37,32.49,30.34,82.92,0
1.54,3.76,55.37,33.57,31.89,62.51,0
2.17,5.23,62.78,27.69,31.0,83.16,0
1.72,4.9,55.41,24.28,28.24,72.1,0
1.94,4.67,57.91,34.29,31.48,68.4,0
2.22,3.88,58.52,32.78,28.72,95.01,0
1.86,5.36,64.88,30.04,30.43,59.44,0
2.05,4.63,64.59,25.56,29.39,66.46,0
2.6,4.18,53.77,27.85,29.56,57.68,0
1.97,2.99,60.27,27.52,31.53,79.52,0
2.53,4.98,56.45,28.99,27.92,86.89,0
1.75,6.24,53.71,32.35,33.89,86.7,0
2.41,6.16,58.91,30.64,26.36,82.24,0
2.78,4.68,58.46,24.77,28.8,68.02,0
1.21,4.58,72.13,32.13,30.74,66.35,0
1.88,5.33,62.16,28.94,31.17,53.29,0
2.43,4.3,53.11,30.06,29.8,90.36,0
2.12,5.21,57.18,32.4,29.89,74.69,0
2.35,5.54,65.11,24.67,30.82,65.08,0
1.96,5.86,70.44,27.89,29.54,83.28,0
2.23,4.93,52.07,26.41,32.79,60.27,0
2.14,4.86,50.6,23.3,31.68,74.07,0
2.67,4.39,69.35,29.04,31.75,68.27,0
2.3,4.42,61.95,35.53,28.07,76.39,0
2.34,4.84,55.66,22.48,29.84,69.36,0
2.04,5.26,62.67,27.9,29.4,55.49,0
2.0,5.64,46.82,29.92,27.99,70.76,0
2.03,4.44,60.02,28.37,30.72,80.49,0
2.36,6.04,61.64,27.66,28.92,69.71,0
2.03,4.81,64.62,24.1,31.31,77.75,0
2.32,4.99,54.93,28.7,27.86,59.54,0
3.03,4.48,60.43,25.73,33.44,69.74,0
2.55,3.3,55.37,21.43,28.21,63.75,0
2.07,5.62,61.28,31.58,30.44,77.47,0
2.68,5.52,55.52,30.88,31.58,70.31,0
2.04,4.8,57.96,28.15,28.86,76.9,0
1.38,5.05,55.02,28.69,31.7,80.88,0
1.8,5.36,63.26,31.22,27.54,76.92,0
1.45,3.91,64.29,28.67,32.9,72.73,0
2.06,4.63,58.83,30.71,30.03,60.02,0
2.21,5.56,60.19,27.11,28.81,69.97,0
2.87,4.12,52.76,31.94,29.4,64.67,0
2.33,5.21,58.5,28.96,31.62,66.56,0
2.11,4.05,59.75,28.58,28.83,66.25,0
2.53,5.33,73.1,24.19,28.5,60.2,0
1.32,4.98,54.44,28.86,29.56,50.43,0
2.29,3.87,67.32,25.5,27.65,63.32,0
2.51,5.82,64.98,26.09,33.64,71.93,0
1.61,4.49,61.4,25.55,28.87,56.52,0
2.66,4.43,68.79,24.8,31.66,70.16,0
2.34,5.14,61.86,34.37,30.42,89.0,0
2.03,5.8,61.95,31.99,28.03,80.23,0
2.45,4.29,59.73,33.76,29.99,86.44,0
3.11,5.04,66.12,24.33,31.57,73.91,0
2.27,5.3,65.48,28.21,29.62,81.68,0
2.3,5.49,56.87,24.12,32.39,62.76,0
2.02,5.12,53.4,25.91,32.04,63.56,0
1.86,4.74,58.99,25.25,31.84,42.61,0
2.53,4.42,56.0,31.72,29.08,81.86,0
1.86,5.06,59.68,26.81,27.84,85.4,0
2.23,4.25,66.19,31.21,28.77,64.47,0
2.01,2.96,57.71,29.81,30.39,67.46,0
2.39,5.31,59.79,34.91,31.09,62.46,0
2.33,5.63,60.29,23.56,25.66,73.83,0
2.62,3.35,64.24,31.78,29.98,81.25,0
2.0,4.29,48.77,31.44,30.32,52.57,0
2.09,5.43,56.97,25.08,29.44,74.09,0
1.81,6.44,61.06,31.02,32.58,67.23,0
2.02,5.01,66.0,29.01,30.84,71.13,0
2.35,4.49,57.54,27.32,32.62,74.59,0
2.5,4.87,50.62,25.53,29.57,68.12,0
1.83,5.96,63.1,25.84,31.87,68.96,0
2.55,4.55,56.82,34.15,33.27,67.86,0
2.74,4.44,54.05,28.0,32.62,79.7,0
2.37,4.66,56.88,30.35,27.82,74.19,0
2.95,4.33,59.08,25.63,29.49,72.21,0
1.89,5.09,56.98,25.66,29.31,57.29,0
1.7,6.14,48.97,31.25,30.98,66.21,0
1.49,5.23,64.49,23.95,31.37,78.99,0
2.8,4.82,66.37,26.75,28.32,70.38,0
2.46,4.8,63.26,28.1,30.14,76.6,0
2.18,3.91,54.31,28.33,25.96,87.67,0
2.31,5.62,58.99,27.46,32.88,80.39,0
1.75,4.95,59.97,29.19,28.98,70.93,0
3.18,4.87,62.99,30.08,30.11,64.89,0
2.25,7.24,63.34,30.2,29.38,44.46,0
2.24,5.21,56.33,25.04,32.29,68.32,0
2.49,4.47,60.41,27.15,24.32,66.74,0
2.39,4.7,62.29,31.58,29.97,73.9,0
2.29,5.8,67.28,30.68,29.79,68.46,0
1.88,5.08,63.52,23.88,29.09,66.8,0
2.39,3.99,63.95,29.05,33.45,52.21,0
2.95,5.64,60.42,22.07,28.23,60.6,0
2.74,4.53,67.05,28.14,31.54,74.77,0
2.84,6.31,62.05,33.69,30.71,87.16,0
2.0,5.76,55.69,25.16,32.52,69.02,0
1.8,4.69,67.02,25.5,28.67,73.28,0
2.15,5.9,63.49,30.29,28.53,79.52,0
2.22,5.05,57.78,23.37,32.19,61.89,0
2.64,5.6,57.6,26.1,30.85,73.67,0
1.52,5.34,61.48,29.79,26.91,62.6,0
2.81,4.41,62.32,26.1,28.92,78.65,0
2.14,4.55,60.99,27.29,30.77,71.51,0
2.03,5.72,61.56,30.23,31.68,72.98,0
1.8,4.77,68.5,29.26,28.64,62.17,0
1.54,4.72,65.36,28.8,24.17,77.07,0
2.53,4.33,60.95,26.98,31.05,90.85,0
2.23,5.3,64.71,29.11,27.56,59.92,0
1.68,6.44,54.84,27.63,25.97,66.6,0
1.68,4.25,61.99,29.37,24.34,72.32,0
2.07,5.02,69.05,26.51,31.63,77.86,0
2.87,5.99,58.91,27.45,30.26,64.4,0
2.1,4.94,55.76,25.03,29.55,41.67,0
1.6,5.32,56.74,27.89,32.78,83.59,0
2.1,4.26,54.55,25.57,31.27,77.61,0
2.09,5.3,56.08,24.66,33.23,52.57,0
1.12,4.87,58.15,28.78,27.21,63.92,0
2.18,5.69,52.97,28.64,29.93,85.68,0
2.11,5.83,60.08,30.35,26.77,84.48,0
2.48,6.81,64.51,26.71,29.54,79.39,0
2.94,5.41,55.46,29.22,29.5,68.24,0
2.65,5.23,67.6,29.65,31.25,70.83,0
2.09,5.14,62.55,29.33,30.09,68.69,0
1.76,4.75,65.15,25.52,31.25,81.28,0
3.23,5.24,56.71,28.45,31.41,61.24,0
2.22,4.79,64.27,29.09,34.31,61.94,0
2.21,5.12,54.54,28.02,29.37,80.1,0
2.19,5.92,64.45,21.74,28.12,69.56,0
2.28,4.3,60.86,28.48,30.49,83.78,0
2.14,5.8,62.77,34.64,28.4,63.28,0
1.97,5.92,54.12,26.92,32.96,69.45,0
1.98,4.92,55.52,25.82,29.43,60.78,0
2.19,3.51,62.99,29.12,28.87,70.07,0
1.98,4.57,55.26,28.94,29.06,55.21,0
1.91,5.91,62.32,31.58,31.44,65.12,0
2.24,4.98,53.16,24.23,29.68,55.64,0
2.1,4.3,64.24,30.19,28.72,76.94,0
2.8,4.65,53.84,29.77,33.33,77.17,0
1.14,5.59,62.76,27.57,28.29,52.7,0
2.64,5.38,63.13,29.02,30.07,83.34,0
2.7,4.83,56.52,31.09,31.3,94.97,0
1.37,4.74,62.91,30.62,26.74,70.46,0
2.06,4.73,61.3,24.57,30.96,63.59,0
2.05,4.35,57.31,30.46,27.89,98.24,0
1.64,6.13,54.96,27.81,31.65,56.81,0
1.89,4.77,50.19,28.22,28.07,70.2,0
1.76,5.85,61.75,28.22,31.39,71.8,0
2.9,6.06,52.18,27.55,32.21,83.45,0
2.57,5.7,60.48,31.58,31.72,73.6,0
2.71,4.7,58.68,27.75,30.5,65.01,0
2.49,5.28,63.4,24.64,29.54,60.49,0
1.75,4.98,58.49,26.82,28.85,66.58,0
1.99,4.37,58.35,28.54,32.94,59.93,0
2.4,5.23,63.66,31.69,28.6,70.48,0
1.71,4.17,61.68,29.81,27.93,64.36,0
2.49,5.83,61.58,25.45,31.33,55.06,0
2.1,4.67,62.35,35.46,28.41,82.55,0
2.05,5.14,52.32,28.79,28.1,65.02,0
2.48,5.2,63.78,31.83,27.11,57.32,0
2.38,4.82,63.06,27.54,29.03,68.32,0
2.06,5.41,54.92,29.6,29.83,70.68,0
2.66,4.67,58.78,30.52,30.49,52.54,0
1.77,5.61,59.8,31.65,31.9,73.32,0
2.45,4.06,59.33,31.17,31.05,59.53,0
2.44,5.09,61.67,30.62,29.62,87.11,0
2.08,6.36,67.16,27.05,29.6,75.24,0
2.33,4.3,65.41,26.28,31.02,66.0,0
1.7,4.53,53.44,29.0,32.55,62.55,0
2.57,5.36,63.11,30.8,30.25,68.95,0
2.13,5.13,66.64,27.33,29.06,76.13,0
1.99,5.25,61.93,31.2,28.01,69.75,0
2.62,5.34,65.45,32.36,27.11,67.83,0
1.92,5.44,70.06,25.25,31.33,70.58,0
1.64,5.78,65.12,25.49,31.16,63.96,0
1.58,5.29,61.25,27.58,31.15,66.57,0
2.44,4.83,65.23,28.92,29.74,49.14,0
1.69,5.47,60.72,26.43,32.81,79.74,0
2.9,6.33,60.12,32.06,29.03,72.99,0
1.37,4.91,58.24,29.27,31.91,62.27,0
2.88,4.32,67.82,28.12,29.92,88.99,0
2.28,5.77,55.91,23.69,28.78,70.87,0
2.16,4.92,67.66,24.05,31.19,59.64,0
1.98,3.48,62.5,28.84,30.82,78.57,0
2.36,5.59,53.0,21.6,30.71,73.98,0
2.18,4.63,61.84,31.04,30.16,73.95,0
2.64,4.94,49.5,27.53,29.92,65.74,0
2.25,5.23,63.13,37.73,34.78,74.5,0
2.26,5.13,64.43,34.92,32.37,67.38,0
2.05,5.5,57.04,27.46,31.45,75.56,0
2.18,4.7,60.62,27.68,30.22,50.95,0
2.32,5.36,69.77,30.99,32.01,65.66,0
1.52,4.82,57.47,33.11,31.04,87.22,0
1.66,5.52,54.71,23.09,30.05,62.33,0
2.5,5.43,67.41,22.64,29.39,63.96,0
2.27,4.35,69.81,26.13,29.84,65.52,0
2.13,5.76,60.02,29.75,23.66,57.85,0
2.21,4.62,65.06,29.49,30.42,47.92,0
2.34,5.57,66.71,31.21,29.02,67.69,0
1.98,5.26,56.29,24.4,33.19,71.36,0
1.89,6.29,57.57,21.05,30.04,69.47,0
2.28,4.84,66.15,30.57,27.62,68.55,0
1.81,4.76,68.43,25.52,29.9,70.43,0
2.36,4.99,62.81,21.94,27.91,80.23,0
1.52,4.79,55.6,28.44,30.95,68.1,0
2.61,5.56,69.94,30.38,30.58,64.26,0
2.39,3.87,57.35,27.63,31.92,67.19,0
2.3,4.26,58.32,26.63,28.42,75.79,0
2.59,4.25,61.71,27.52,30.07,84.12,0
2.87,5.67,67.77,26.89,27.27,63.72,0
2.61,6.2,64.27,23.96,31.4,70.99,0
1.46,4.93,62.07,25.86,31.04,73.38,0
1.69,4.88,62.32,29.56,30.99,60.07,0
1.95,5.05,60.22,28.97,30.0,70.2,0
2.21,5.81,62.79,28.5,30.83,55.34,0
2.41,4.35,47.35,25.01,33.21,52.31,0
1.91,5.17,58.52,27.46,29.43,73.67,0
2.27,5.68,61.21,21.47,30.28,66.16,0
1.9,5.35,54.24,28.54,27.83,72.02,0
1.96,5.13,61.93,32.29,28.26,69.82,0
1.64,5.7,58.98,23.58,30.2,60.24,0
1.83,3.11,68.78,26.24,32.21,69.55,0
1.66,5.47,67.87,28.99,29.49,57.67,0
1.81,4.54,57.67,31.76,29.53,83.91,0
2.62,3.72,59.25,26.66,29.19,56.44,0
1.82,5.36,59.63,25.92,28.93,68.04,0
3.25,5.96,57.74,22.09,30.59,59.58,0
2.4,4.9,60.98,28.31,27.01,75.7,0
2.27,5.67,56.21,34.13,32.56,66.69,0
1.86,6.13,54.35,28.83,28.67,64.81,0
2.48,5.92,63.11,27.93,31.44,78.53,0
1.97,6.15,63.15,28.97,27.46,70.29,0
2.25,5.52,55.98,27.97,31.34,75.17,0
3.22,5.05,64.48,25.56,31.34,60.19,0
2.16,3.88,56.84,30.47,30.77,55.95,0
2.66,4.83,61.27,28.68,28.01,71.07,0
1.92,4.41,64.1,28.05,30.5,66.81,0
2.19,6.52,59.83,25.07,27.63,76.26,0
2.91,4.88,62.27,31.91,29.49,69.2,0
1.95,5.09,57.42,29.99,32.06,72.05,0
2.92,5.39,59.02,26.34,31.59,53.77,0
2.48,5.03,58.97,31.01,30.03,88.88,0
1.98,6.19,56.27,26.51,28.05,68.36,0
2.45,4.56,59.12,25.65,31.29,76.98,0
2.59,5.14,52.26,25.72,30.04,61.64,0
2.45,4.48,57.54,22.69,25.36,73.08,0
1.57,4.08,58.58,29.41,31.57,56.97,0
1.91,4.57,58.72,22.51,29.95,74.52,0
2.1,4.97,58.79,24.31,32.4,66.44,0
2.17,4.7,59.69,21.77,27.81,70.29,0
2.45,4.52,62.4,27.74,23.65,76.98,0
2.27,4.02,64.37,27.55,30.56,57.67,0
1.67,4.94,56.75,27.02,30.58,63.16,0
2.35,3.95,53.98,24.87,26.62,74.57,0
2.44,5.53,54.79,24.48,28.04,90.98,0
2.42,5.06,57.56,29.39,35.51,68.62,0
2.63,3.98,58.24,26.35,29.39,75.91,0
2.53,4.78,56.15,28.95,31.46,68.93,0
2.38,4.47,53.52,25.34,28.7,89.42,0
2.17,5.22,57.72,28.54,25.82,52.53,0
1.54,5.94,60.91,31.91,29.66,70.95,0
2.37,3.69,62.98,29.76,29.47,53.74,0
2.28,5.08,57.21,26.76,29.2,44.93,0
2.31,4.89,57.94,28.77,29.77,72.97,0
1.69,5.47,55.37,27.28,30.53,71.39,0
1.77,5.15,59.84,28.02,29.7,67.15,0
2.62,4.47,55.76,27.02,27.47,68.94,0
2.18,4.78,62.87,27.51,30.97,100.98,0
2.47,4.44,51.07,28.64,26.1,67.42,0
2.21,5.75,58.2,25.02,25.9,75.1,0
2.21,5.01,61.51,24.95,31.48,63.51,0
2.58,6.33,60.92,23.83,31.01,72.95,0
1.99,4.96,73.47,23.2,29.89,67.62,0
2.24,4.5,61.75,24.35,27.21,65.89,0
2.02,3.94,54.98,28.48,28.58,88.19,0
2.03,3.74,59.52,25.32,29.47,81.77,0
2.08,3.89,51.12,29.54,26.81,71.37,0
2.29,5.19,59.6,28.1,28.52,46.96,0
2.01,5.36,55.83,22.09,31.3,66.39,0
2.7,3.89,64.58,29.96,32.85,97.03,0
1.84,5.63,57.25,30.43,29.16,67.69,0
2.13,4.66,59.42,25.02,31.51,81.03,0
2.02,5.1,56.82,29.26,26.17,84.42,0
2.78,6.13,68.69,25.43,31.32,72.19,0
2.28,5.63,58.39,28.29,28.39,61.58,0
2.61,4.81,69.16,24.21,30.61,45.65,0
1.61,4.38,64.07,22.62,29.5,76.84,0
2.31,3.49,62.41,26.85,32.64,61.85,0
2.56,4.5,61.84,27.63,28.25,71.76,0
2.23,4.85,61.97,26.81,31.26,57.5,0
2.63,4.31,50.36,24.45,29.44,67.35,0
1.99,4.91,58.61,26.8,29.68,70.34,0
2.76,5.05,64.23,28.81,29.63,72.69,0
3.12,4.84,59.76,27.87,28.31,58.85,0
2.05,4.54,52.97,28.55,29.97,81.97,0
2.02,5.12,59.74,25.99,29.87,64.03,0
2.78,5.31,68.52,31.52,30.48,53.26,0
2.83,4.24,66.23,24.47,30.17,68.91,0
1.99,5.99,59.69,29.46,31.6,70.34,0
2.03,4.93,64.76,31.55,31.85,71.61,0
2.09,5.01,58.17,29.44,27.9,83.62,0
1.66,5.5,51.48,27.39,31.74,67.64,0
1.83,5.16,55.38,26.42,27.63,68.8,0
1.8,5.67,67.81,31.11,31.18,58.97,0
1.89,5.2,58.63,23.73,31.24,78.21,0
2.19,4.57,58.78,25.09,26.18,71.84,0
2.29,5.25,58.5,26.81,30.19,65.8,0
2.82,4.2,69.52,31.71,29.06,50.95,0
1.8,5.08,68.13,29.14,28.48,84.44,0
2.59,4.98,71.09,25.1,32.7,57.72,0
2.11,4.85,59.2,27.07,28.69,64.09,0
2.18,4.91,61.48,26.16,28.39,73.58,0
2.47,3.68,52.42,25.87,30.15,58.03,0
1.75,4.62,67.38,30.94,31.37,55.06,0
2.35,5.06,54.16,23.88,29.72,48.76,0
2.27,5.11,61.08,32.83,32.33,77.21,0
2.4,4.28,54.51,30.48,31.06,64.55,0
2.32,5.89,57.06,31.27,25.64,99.27,0
3.18,4.39,55.81,26.61,28.94,60.06,0
1.94,5.68,56.96,27.55,28.88,60.79,0
1.99,5.3,57.3,23.7,30.96,64.35,0
1.95,4.55,57.26,26.43,24.75,72.43,0
1.98,6.24,64.17,29.48,35.1,65.3,0
1.95,4.16,54.48,31.89,31.06,76.12,0
2.68,5.64,61.1,24.68,30.3,60.21,0
2.77,5.7,66.09,26.9,32.36,56.18,0
1.97,4.53,57.43,27.55,34.69,52.02,0
1.87,5.97,56.41,23.81,31.74,47.76,0
2.39,4.82,58.85,29.77,31.9,64.82,0
1.98,5.2,65.9,25.83,30.26,66.99,0
2.45,5.18,60.97,27.41,29.72,63.69,0
2.28,4.91,57.34,26.64,29.05,82.43,0
1.59,5.57,62.42,25.63,28.35,82.28,0
2.82,5.56,54.49,27.98,28.63,66.65,0
2.92,3.78,63.41,27.35,27.3,52.06,0
1.95,5.91,62.04,26.88,29.85,64.33,0
2.04,3.84,58.46,25.81,26.63,64.0,0
2.31,5.72,55.81,28.96,30.38,63.43,0
2.33,5.79,55.57,32.96,29.93,63.02,0
2.46,4.24,62.67,28.42,30.29,63.47,0
3.0,4.71,66.14,30.99,28.96,66.13,0
2.13,4.23,56.81,23.83,36.15,63.64,0
1.88,4.85,62.29,28.47,32.72,72.08,0
1.65,4.78,49.56,24.71,27.51,73.6,0
1.91,5.55,57.08,23.57,30.47,60.89,0
2.19,5.92,59.84,25.78,28.78,82.71,0
2.92,5.98,55.45,31.58,27.97,60.2,0
1.99,4.61,55.32,30.85,27.32,53.82,0
2.29,4.85,56.66,28.73,30.86,73.81,0
2.19,3.82,61.46,23.4,28.64,61.83,0
2.68,4.44,59.06,27.41,31.94,73.21,0
3.21,5.68,48.81,28.91,31.99,45.96,0
1.99,6.13,49.4,28.53,32.75,83.92,0
2.0,4.14,56.97,22.47,28.3,76.72,0
2.62,4.59,62.29,25.33,30.95,55.0,0
2.47,4.98,46.26,27.81,31.26,55.21,0
2.94,5.2,57.5,29.61,29.05,86.72,0
2.43,4.43,57.37,21.41,28.46,62.63,0
2.06,5.3,66.94,27.51,33.22,61.66,0
2.44,4.67,58.07,28.43,30.45,47.34,0
2.64,4.99,61.91,30.55,31.27,66.49,0
2.53,5.38,60.71,30.08,28.36,67.72,0
2.4,5.0,49.35,29.75,27.56,77.15,0
2.63,4.69,63.84,25.6,28.86,56.01,0
2.67,4.92,61.08,22.28,29.75,54.8,0
2.75,4.94,62.54,26.82,27.87,74.51,0
2.46,4.74,79.63,31.0,29.98,80.07,0
2.13,4.82,49.58,32.18,26.62,54.29,0
2.26,6.12,68.62,30.13,27.76,80.82,0
2.68,5.39,58.56,29.29,31.34,70.38,0
1.87,4.79,61.44,29.14,31.21,80.92,0
2.35,5.49,59.77,26.33,29.22,69.3,0
2.04,4.77,57.88,27.61,27.96,44.78,0
2.21,5.82,57.15,33.01,27.95,68.48,0
2.71,5.26,61.65,25.17,29.25,80.6,0
2.28,4.92,52.41,32.84,31.29,61.06,0
2.22,5.31,63.75,27.03,31.86,66.12,0
1.66,3.9,57.92,31.98,29.01,68.24,0
2.5,4.21,54.35,23.78,27.69,41.0,0
2.46,4.16,57.75,29.76,30.54,86.71,0
3.07,5.1,66.29,25.79,28.35,60.99,0
2.08,6.21,57.32,23.75,28.96,75.06,0
2.29,6.56,61.79,28.66,32.65,69.13,0
2.3,5.45,56.35,31.03,31.65,82.58,0
2.83,5.35,63.79,25.47,30.32,74.06,0
2.16,3.74,63.43,23.5,27.46,67.65,0
2.31,4.62,69.24,27.72,30.42,61.06,0
2.44,4.45,59.12,27.74,32.13,77.98,0
2.27,4.57,63.34,29.64,29.25,51.27,0
2.02,4.88,60.49,30.85,32.7,76.46,0
2.28,4.67,66.48,27.82,32.59,59.01,0
2.63,3.61,56.41,33.57,33.33,82.52,0
1.79,5.52,63.73,28.67,30.61,71.61,0
2.25,4.25,59.03,26.96,31.17,76.44,0
1.92,5.17,59.68,23.17,32.83,70.82,0
2.68,6.45,60.46,27.21,30.89,52.48,0
1.59,4.36,61.26,26.99,29.0,61.39,0
1.98,3.23,59.42,30.88,29.1,76.72,0
2.35,4.8,61.07,29.39,30.48,71.67,0
2.83,5.77,67.89,24.46,27.42,81.81,0
2.17,6.37,64.93,28.52,29.71,74.03,0
1.98,4.14,64.35,30.01,32.19,60.33,0
2.95,5.35,57.72,32.58,25.62,62.04,0
1.62,4.67,55.55,30.66,33.07,71.03,0
1.32,4.93,64.78,30.28,32.24,46.86,0
2.38,6.85,64.38,28.18,29.08,86.73,0
2.0,3.95,67.36,29.16,31.09,74.42,0
1.79,5.18,56.98,31.75,30.01,82.27,0
2.48,5.33,58.85,24.0,32.46,54.19,0
2.3,5.76,51.8,26.95,31.97,82.45,0
1.97,5.07,58.04,25.68,27.2,92.31,0
1.69,5.22,64.98,29.14,31.17,56.79,0
2.55,4.73,57.67,31.69,29.59,77.71,0
2.46,5.19,63.2,26.21,30.17,70.01,0
2.16,4.76,59.05,20.83,28.54,54.56,0
2.94,5.44,61.62,26.76,33.5,74.93,0
1.77,4.74,54.26,30.74,32.08,78.34,0
1.59,5.26,60.43,29.61,28.52,63.99,0
1.92,4.98,45.04,29.28,27.33,81.66,0
2.18,5.79,59.07,27.16,29.23,53.33,0
2.3,4.96,51.85,24.16,30.87,55.05,0
2.1,3.76,66.03,29.55,30.48,71.37,0
2.34,5.88,63.89,25.5,32.51,70.25,0
1.7,4.37,62.33,34.55,31.58,62.83,0
2.78,4.54,67.61,29.71,31.94,78.1,0
2.17,4.58,55.26,26.26,30.65,75.31,0
2.65,5.96,68.74,26.17,27.22,78.58,0
2.34,3.51,64.66,27.72,29.61,68.77,0
2.38,7.2,58.82,27.28,32.12,76.03,0
2.43,5.74,65.68,31.35,29.9,65.54,0
2.38,5.16,54.47,28.56,31.01,90.54,0
2.46,4.96,55.88,25.81,29.36,61.87,0
2.73,5.2,56.96,33.67,27.94,91.05,0
2.28,5.36,57.36,28.15,29.75,70.35,0
2.48,5.45,54.72,30.31,30.62,56.24,0
2.16,5.39,66.12,26.18,28.69,83.68,0
2.78,5.06,58.71,29.09,29.53,71.26,0
1.93,4.86,61.76,28.93,28.12,78.51,0
2.92,4.89,57.15,22.33,32.24,82.24,0
2.18,4.86,50.9,34.05,29.41,73.38,0
1.63,5.79,61.35,31.87,32.91,64.08,0
2.25,5.42,50.44,26.81,33.06,79.76,0
1.93,2.94,59.66,24.69,29.84,70.01,0
2.54,5.46,53.16,29.04,27.98,76.86,0
1.94,5.14,69.94,28.26,25.83,48.46,0
2.02,4.99,64.56,29.07,27.06,74.47,0
1.44,4.73,60.53,28.57,27.25,63.61,0
2.02,5.79,66.32,29.52,32.76,86.53,0
1.23,5.66,55.77,32.34,30.23,76.23,0
1.57,4.46,62.72,29.7,30.78,72.4,0
2.5,5.28,61.0,24.85,25.56,74.86,0
2.51,4.32,61.32,32.09,27.6,60.02,0
2.37,4.03,66.36,32.92,31.77,86.23,0
1.81,4.56,63.66,37.46,30.57,89.91,0
2.18,5.6,61.44,24.63,29.71,73.93,0
2.2,5.67,51.73,28.73,31.13,85.9,0
1.74,5.36,55.2,21.75,33.27,64.31,0
2.8,5.51,59.39,29.66,29.56,62.03,0
2.55,5.36,60.47,26.36,30.14,70.41,0
2.11,4.55,54.35,33.77,30.39,74.35,0
2.21,5.3,72.06,25.68,34.78,66.06,0
2.28,5.56,67.58,22.93,25.8,75.38,0
1.38,5.53,63.01,26.59,31.37,73.06,0
2.1,5.83,60.36,22.07,29.77,60.02,0
1.93,5.5,58.94,30.25,31.13,75.19,0
1.8,5.25,55.24,21.8,28.69,78.64,0
2.09,5.75,60.39,28.09,29.9,71.71,0
2.92,4.98,61.29,21.77,31.42,81.53,0
2.46,4.38,53.79,27.04,36.23,57.83,0
1.97,4.89,61.67,32.93,31.62,74.68,0
2.43,4.48,59.22,29.08,28.3,58.3,0
3.53,10.23,86.71,40.18,24.93,105.04,1
3.82,7.79,71.33,35.37,23.99,81.39,1
3.63,9.44,86.29,37.26,24.66,100.16,1
3.87,7.63,80.6,35.3,26.43,82.89,1
4.07,10.07,86.24,33.0,27.56,74.02,1
4.7,8.74,86.66,28.27,26.14,82.55,1
4.01,10.27,91.65,35.62,25.2,93.39,1
3.25,9.49,90.12,32.67,28.0,78.29,1
4.88,7.78,90.08,32.6,24.37,80.2,1
3.7,10.42,90.66,33.5,27.06,89.75,1
4.16,10.55,83.75,40.23,24.42,85.02,1
4.47,9.88,82.19,42.21,25.86,89.68,1
4.32,8.24,87.24,35.65,24.77,86.9,1
4.86,8.69,86.39,33.61,24.89,88.84,1
4.49,9.15,80.15,31.47,24.25,81.54,1
3.68,8.3,84.43,36.41,27.69,86.85,1
5.51,10.69,81.79,40.35,23.53,77.58,1
4.32,9.14,76.88,34.26,23.52,95.31,1
4.11,6.3,89.74,27.86,29.24,79.93,1
4.78,9.34,82.33,37.01,26.96,94.03,1
4.35,8.65,94.29,37.96,20.23,83.13,1
4.44,8.93,72.25,30.24,23.87,86.62,1
5.7,8.63,78.66,35.53,21.38,81.04,1
4.03,9.81,82.2,36.35,23.1,76.87,1
4.01,10.12,88.82,34.78,18.72,71.04,1
4.27,9.28,84.4,32.63,24.73,76.56,1
4.84,8.66,83.86,38.05,22.72,82.41,1
3.3,8.96,75.24,33.79,25.12,86.7,1
3.02,9.02,75.06,30.54,21.75,93.08,1
3.85,8.2,83.94,28.85,25.17,81.43,1
3.22,9.58,73.82,38.78,24.17,77.94,1
3.95,9.46,78.81,36.85,28.0,73.46,1
4.5,10.54,85.01,35.26,27.82,88.84,1
3.67,10.26,76.11,33.68,26.57,96.07,1
3.34,8.31,91.63,33.41,24.35,95.13,1
4.24,9.82,89.34,31.77,28.97,90.68,1
4.72,8.05,72.57,33.71,21.89,90.11,1
3.18,9.7,76.41,28.64,22.19,98.58,1
4.69,8.48,68.29,32.79,24.83,87.66,1
4.69,7.98,77.3,34.07,29.51,90.17,1
4.77,9.28,86.6,36.83,24.6,82.43,1
4.93,6.33,79.52,34.88,24.63,74.1,1
5.52,7.25,84.76,37.38,22.12,79.53,1
3.99,8.82,72.87,39.05,26.89,84.93,1
4.27,9.08,86.79,38.17,26.91,85.49,1
3.95,8.63,78.67,36.41,26.58,100.41,1
4.2,7.42,82.07,35.04,23.74,85.65,1
5.12,8.18,81.44,32.06,23.59,94.43,1
3.39,9.39,74.37,37.22,22.41,81.52,1
3.68,9.58,75.08,40.04,25.17,82.51,1
5.03,8.98,87.81,36.03,22.84,74.37,1
4.81,10.16,84.39,40.75,22.65,79.06,1
3.98,9.4,88.3,30.42,24.15,89.22,1
4.71,8.25,83.95,31.54,24.02,85.06,1
4.4,8.72,82.86,37.57,23.92,92.54,1
5.1,7.6,71.64,35.79,25.93,86.45,1
4.24,8.89,80.38,38.94,25.16,82.18,1
4.82,10.11,81.84,34.95,24.42,102.19,1
5.79,9.69,93.72,32.4,25.37,84.25,1
4.56,10.4,86.12,34.36,23.02,94.3,1
4.23,8.7,91.22,30.4,25.21,81.79,1
4.63,10.35,85.59,31.61,25.3,90.68,1
3.98,8.81,77.73,37.92,21.99,92.42,1
5.63,10.47,82.7,37.62,26.99,86.67,1
4.31,8.98,83.42,36.09,23.24,66.16,1
4.04,9.71,76.37,29.84,25.18,85.15,1
3.7,10.48,79.69,33.92,27.33,94.84,1
4.86,8.81,80.77,31.33,26.85,89.22,1
4.72,9.22,91.63,38.53,25.07,88.57,1
3.9,10.29,69.52,33.25,24.28,71.22,1
4.55,8.87,89.23,31.74,26.9,79.24,1
3.29,7.68,76.38,35.09,26.35,88.29,1
4.31,11.14,73.77,33.08,23.76,88.28,1
4.47,8.53,89.08,39.45,23.41,94.72,1
5.22,9.16,86.39,32.8,20.86,83.84,1
3.74,10.16,89.53,30.8,25.31,88.25,1
3.43,8.39,86.8,28.54,24.83,85.13,1
3.66,7.99,94.36,34.91,27.27,77.1,1
3.4,9.25,85.35,33.31,25.72,66.95,1
5.0,7.21,81.06,30.71,27.67,88.45,1
5.13,8.71,84.06,38.57,23.61,86.39,1
4.39,9.25,89.46,37.0,27.28,80.05,1
4.93,8.73,77.32,34.92,23.94,72.05,1
4.28,7.46,78.09,39.09,26.56,90.04,1
4.14,10.59,80.15,36.99,22.08,82.87,1
4.0,9.1,69.37,32.53,25.47,89.45,1
4.01,10.43,82.83,31.88,21.03,99.91,1
3.27,8.74,70.68,37.45,24.47,67.87,1
4.36,8.12,82.32,36.19,25.88,79.4,1
4.18,9.27,87.19,35.51,23.96,83.32,1
4.65,8.78,79.14,32.46,22.9,96.64,1
4.26,7.82,92.06,36.82,26.69,71.91,1
4.1,10.47,73.24,32.73,24.79,100.49,1
3.68,8.38,89.15,34.69,24.02,86.09,1
4.24,7.16,86.05,39.34,25.08,84.23,1
4.64,10.33,71.7,33.02,30.27,83.42,1
3.51,8.5,98.26,30.28,27.31,81.51,1
4.25,8.39,81.62,31.84,27.33,93.38,1
4.34,7.23,76.74,37.98,25.87,76.45,1
3.77,10.74,73.56,35.76,25.33,87.76,1
3.85,7.71,80.68,34.61,20.21,81.93,1
4.34,9.06,81.24,33.47,23.64,78.9,1
3.52,9.91,82.62,36.46,24.04,105.69,1
4.41,9.42,80.21,32.45,21.25,88.35,1
3.66,8.94,85.8,35.92,22.69,89.91,1
4.84,7.3,79.67,32.81,21.04,94.1,1
5.6,8.19,70.39,32.31,24.92,73.63,1
3.68,9.19,81.1,33.09,26.64,99.02,1
4.52,8.21,67.8,33.87,27.21,64.93,1
3.76,9.2,84.12,34.85,25.83,78.85,1
4.82,9.68,76.12,35.71,23.07,81.33,1
3.44,9.96,82.98,23.93,21.14,89.65,1
4.49,7.77,89.88,32.58,21.49,86.75,1
3.68,11.2,76.31,33.83,22.46,83.67,1
4.08,9.77,88.37,39.52,23.22,84.9,1
3.58,9.0,79.4,31.76,24.68,77.18,1
4.69,10.09,92.52,35.49,22.97,73.02,1
3.7,11.37,79.81,39.49,25.68,90.81,1
4.53,7.56,76.96,31.06,24.54,90.55,1
3.99,8.77,86.12,36.18,25.02,97.68,1
4.13,6.62,79.39,32.59,27.28,78.68,1
4.29,9.19,76.95,33.49,22.64,90.54,1
3.74,9.37,79.13,32.59,25.84,82.73,1
4.33,8.96,81.73,32.8,24.97,94.52,1
5.12,8.35,90.05,43.17,24.33,93.18,1
3.73,6.95,70.4,37.53,26.77,86.69,1
4.9,9.37,82.14,38.31,26.76,82.28,1
5.1,10.46,85.75,36.48,23.11,92.69,1
3.71,8.41,83.16,30.18,24.64,90.18,1
3.33,9.44,89.86,36.18,25.56,79.52,1
4.38,7.43,81.55,38.22,24.45,74.38,1
3.87,9.46,80.89,32.44,26.17,82.69,1
5.32,8.61,85.55,37.9,25.56,97.12,1
4.22,8.24,82.6,37.11,28.67,94.17,1
3.72,8.24,79.66,40.56,21.94,76.1,1
3.51,8.61,85.1,33.75,24.76,75.66,1
4.85,9.38,78.08,31.71,23.18,95.2,1
3.86,7.69,78.33,33.92,26.21,75.91,1
4.23,8.6,78.83,39.31,21.77,89.07,1
4.77,8.96,90.12,29.51,25.69,80.07,1
3.91,7.9,62.67,28.79,23.74,97.94,1
4.17,10.8,84.37,35.27,23.53,78.84,1
4.19,8.15,82.21,33.67,22.11,94.15,1
4.61,8.33,71.91,35.02,24.07,86.48,1
4.55,8.02,83.86,37.84,27.17,87.02,1
4.07,10.8,84.85,33.34,24.95,69.24,1
4.24,9.55,85.54,29.38,26.26,67.38,1
3.98,8.06,66.09,41.13,28.33,83.24,1
3.31,10.11,90.2,32.01,25.53,86.98,1
4.35,9.2,77.57,31.82,23.88,76.0,1
5.34,9.26,86.12,38.31,25.93,76.29,1
3.67,8.66,86.45,33.85,23.91,89.49,1
3.74,8.25,76.74,34.81,23.99,89.5,1
3.68,9.34,85.96,36.45,21.96,83.9,1
4.63,8.45,79.69,38.25,26.85,91.24,1
4.47,10.82,69.57,34.0,24.23,75.61,1
4.1,7.73,89.01,39.56,25.36,82.15,1
3.65,10.54,77.35,28.59,22.93,98.18,1
4.26,8.89,76.87,37.28,25.87,85.55,1
3.26,9.3,79.58,32.48,23.48,86.01,1
4.29,9.83,83.63,39.12,24.72,103.45,1
4.72,8.37,81.66,35.43,26.76,73.81,1
3.45,9.86,85.29,32.98,26.58,91.37,1
3.28,6.29,73.96,36.99,24.96,98.31,1
5.15,8.28,77.55,37.68,21.46,82.4,1
3.83,8.08,81.3,36.93,30.99,91.88,1
4.88,7.75,93.39,31.91,28.49,77.14,1
4.11,8.79,81.32,33.55,26.45,79.51,1
4.1,9.39,88.51,34.99,23.49,88.08,1
4.46,9.7,82.23,34.88,24.77,91.39,1
3.67,9.24,79.1,37.25,23.91,93.97,1
4.28,8.33,80.52,28.96,27.53,97.56,1
3.97,9.37,80.99,36.0,25.53,84.46,1
3.41,9.12,85.62,34.13,23.43,94.55,1
4.4,9.94,90.25,32.48,24.06,82.26,1
4.04,9.78,84.16,32.77,27.24,92.22,1
4.11,9.03,89.12,34.36,28.2,86.66,1
3.47,8.1,76.21,24.2,28.06,88.57,1
5.15,8.35,79.51,32.9,26.51,88.39,1
4.73,8.45,77.65,32.37,24.49,72.16,1
4.78,8.68,83.89,36.6,18.52,76.01,1
4.02,9.27,79.85,32.58,25.59,85.82,1
3.16,9.72,86.38,34.35,25.0,71.5,1
5.37,8.95,76.41,39.63,25.28,91.65,1
4.16,9.02,82.26,37.98,25.11,91.97,1
3.75,9.14,86.12,37.71,22.35,87.62,1
4.45,8.48,69.61,33.5,26.11,76.03,1
4.9,8.07,94.73,36.63,26.26,96.04,1
4.19,7.24,80.3,34.3,26.36,101.3,1
4.97,8.3,69.85,34.41,26.89,86.18,1
4.85,9.47,82.95,36.23,26.21,89.08,1
3.55,8.3,82.2,33.21,24.18,86.61,1
3.8,8.76,81.51,39.48,24.86,89.24,1
4.77,9.47,87.95,34.52,25.18,84.04,1
2.57,9.52,86.48,36.86,25.22,84.72,1
4.11,7.92,83.79,39.37,27.0,92.25,1
3.34,10.0,84.7,38.09,26.29,103.76,1
3.91,10.13,81.37,30.77,29.15,73.8,1
4.02,7.87,92.65,36.33,29.41,84.17,1
3.99,8.18,73.12,37.55,25.16,75.56,1
3.87,10.19,82.84,37.68,17.33,97.74,1
3.54,8.85,82.39,31.66,27.47,80.3,1
5.58,6.78,86.88,33.03,23.92,73.45,1
5.32,7.6,76.94,37.98,23.4,90.11,1
3.5,8.75,71.54,32.71,24.2,98.95,1
5.15,7.84,82.94,34.1,24.11,90.31,1
3.96,8.59,83.69,39.73,26.22,86.64,1
4.28,9.03,90.94,34.86,21.88,88.27,1
4.16,10.46,74.38,32.82,22.84,96.32,1
3.8,8.71,88.93,32.37,25.69,78.01,1
4.79,10.07,96.2,36.0,26.25,84.11,1
4.28,10.43,79.73,31.0,26.28,81.38,1
3.91,10.43,74.25,34.26,23.43,75.66,1
3.42,9.28,79.56,36.0,23.04,82.37,1
3.66,7.04,82.08,38.9,23.99,93.86,1
3.22,9.46,85.38,37.0,25.48,89.53,1
4.21,10.05,78.45,32.86,27.97,90.15,1
3.48,8.92,91.33,38.54,20.91,86.17,1
4.04,10.74,75.31,34.1,24.56,89.19,1
5.02,9.86,71.56,31.29,22.33,78.6,1
4.92,9.57,88.64,34.48,21.7,82.52,1
4.18,10.09,68.35,39.31,26.93,86.54,1
4.15,9.33,80.78,35.5,26.09,87.22,1
5.33,6.51,100.71,35.04,25.9,87.56,1
4.51,8.5,81.93,39.91,26.84,83.89,1
4.0,10.2,75.28,30.71,24.04,81.98,1
3.34,8.19,81.66,31.14,24.13,110.26,1
4.44,8.78,81.7,30.15,29.37,92.25,1
4.7,7.96,82.96,36.12,24.51,88.31,1
3.82,10.78,85.97,35.5,26.47,83.13,1
4.37,10.68,75.77,39.63,25.01,81.39,1
3.98,8.12,92.13,35.73,21.3,83.95,1
4.09,9.15,83.47,33.79,20.91,87.34,1
2.71,8.32,86.36,35.01,23.84,69.96,1
4.07,9.61,78.23,35.35,27.11,72.44,1
4.78,9.51,89.72,29.98,26.58,79.9,1
3.82,9.81,80.46,43.13,26.83,86.66,1
4.23,9.33,83.67,36.56,23.03,83.09,1
3.75,11.94,76.4,35.63,28.23,96.82,1
4.42,7.97,76.02,36.85,23.07,73.14,1
4.07,7.29,86.13,37.13,25.43,78.99,1
3.64,8.61,79.34,34.58,24.98,97.16,1
5.0,7.43,76.88,33.11,24.65,86.05,1
4.76,7.51,78.14,36.8,27.68,92.08,1
3.84,8.0,86.19,36.16,23.59,101.41,1
4.5,8.08,78.23,32.57,22.3,79.45,1
4.52,8.05,81.29,39.26,25.04,84.21,1
4.59,9.52,82.09,35.88,24.2,82.82,1
3.18,8.49,70.5,37.19,31.75,69.36,1
4.8,8.82,73.17,39.18,26.35,82.52,1
3.86,9.89,84.02,35.07,24.18,92.05,1
3.99,8.23,77.58,35.95,22.89,89.32,1
5.78,8.74,88.34,37.43,21.24,89.95,1
4.38,9.37,87.8,32.83,22.95,82.0,1
3.97,7.06,86.32,35.16,25.23,79.75,1
2.88,6.62,92.92,35.38,27.85,95.15,1
5.03,9.35,81.5,32.13,27.24,81.02,1
3.39,9.49,85.89,41.95,25.46,87.35,1
3.6,11.06,78.49,30.78,24.35,86.31,1
4.0,9.16,96.71,31.11,25.54,96.69,1
5.05,9.82,93.9,38.94,23.96,92.77,1
4.66,8.8,82.07,37.14,28.44,74.64,1
4.11,9.3,84.32,31.92,24.62,75.5,1
4.38,10.67,90.16,36.82,24.83,89.63,1
3.84,6.88,81.12,39.4,20.57,84.49,1
4.28,9.41,78.06,34.91,24.61,81.36,1
4.24,11.14,87.24,42.8,26.67,93.13,1
4.78,9.28,82.47,29.83,22.86,86.5,1
4.78,10.65,83.1,37.08,23.5,85.42,1
4.5,8.37,76.99,38.5,26.59,91.24,1
3.98,8.97,71.69,37.67,22.05,82.0,1
4.65,9.03,83.42,34.39,27.12,97.55,1
4.14,6.78,87.43,34.13,23.94,78.7,1
3.55,7.83,80.65,36.33,24.22,90.26,1
3.96,7.9,90.62,37.45,22.75,96.47,1
4.25,9.82,77.78,36.81,25.76,73.98,1
4.75,9.87,75.67,38.12,29.92,82.25,1
4.09,9.32,81.6,31.94,26.56,94.14,1
3.47,9.82,81.5,34.32,23.27,94.26,1
4.23,8.84,86.62,32.18,27.27,83.63,1
4.27,10.2,77.35,33.84,24.37,79.12,1
4.31,9.01,90.21,38.05,27.75,92.65,1
4.75,9.06,93.8,35.32,26.61,94.47,1
4.81,8.73,81.77,42.82,19.11,75.68,1
3.84,9.68,89.5,35.58,22.99,75.37,1
3.83,8.58,75.66,35.18,26.89,86.8,1
3.58,9.98,88.45,35.32,25.3,90.03,1
4.62,7.87,88.28,33.09,22.95,82.61,1
5.07,7.9,87.18,34.83,23.73,90.43,1
4.01,9.69,81.91,38.38,21.19,79.32,1
4.06,8.91,64.27,35.34,24.82,68.08,1
5.08,8.55,78.15,32.62,29.42,81.61,1
4.5,9.89,78.24,32.22,26.61,85.51,1
4.46,8.39,76.13,33.65,29.38,82.79,1
3.49,8.8,82.73,35.22,26.76,75.73,1
4.61,10.4,79.49,38.58,27.05,70.47,1
3.64,10.54,77.05,30.98,28.95,80.89,1
3.52,10.57,75.65,34.04,25.75,92.18,1
3.99,8.72,77.71,35.43,24.63,95.05,1
3.85,10.23,88.73,29.5,27.07,94.5,1
4.07,8.05,78.03,32.5,27.91,78.47,1
3.34,8.09,78.91,32.96,24.04,75.77,1
4.78,6.65,79.26,32.61,23.56,88.97,1
4.88,10.67,84.03,35.58,25.28,90.08,1
3.03,8.14,84.74,34.52,26.66,88.2,1
4.79,8.87,63.73,33.33,26.6,68.89,1
3.71,8.09,88.13,36.28,22.15,78.06,1
4.71,9.7,90.62,40.17,28.82,84.76,1
4.16,8.62,75.7,39.92,23.72,88.9,1
4.22,7.7,76.17,29.23,24.47,91.14,1
4.09,9.44,79.3,36.73,23.19,86.15,1
4.93,7.57,77.46,34.47,30.4,87.65,1
3.46,8.16,83.34,35.47,25.48,85.68,1
4.56,6.89,70.32,33.81,23.3,90.48,1
4.86,7.58,75.29,35.35,26.73,87.5,1
4.63,9.18,91.24,35.45,26.54,85.53,1
5.59,7.04,76.43,33.26,24.62,82.85,1
3.88,7.52,89.46,32.31,26.68,85.65,1
4.77,9.0,84.13,33.65,23.35,88.88,1
4.14,8.46,71.14,35.7,24.01,87.14,1
4.94,10.99,85.81,36.8,20.98,88.05,1
4.2,10.83,81.29,37.56,22.35,95.74,1
3.97,8.13,79.27,33.52,28.62,87.12,1
4.98,9.56,83.47,35.85,28.28,79.81,1
3.91,9.75,84.85,37.89,25.13,92.07,1
3.35,8.4,86.25,38.5,28.33,74.07,1
3.89,7.5,89.07,34.82,24.68,76.35,1
4.57,8.99,84.45,34.34,24.51,87.69,1
5.04,8.83,73.75,35.57,25.11,89.13,1
4.27,8.56,79.16,31.55,24.75,75.04,1
4.99,9.44,99.66,34.42,24.57,81.94,1
3.39,8.25,86.35,37.23,27.29,80.15,1
3.93,7.85,96.22,36.93,25.3,81.11,1
4.03,9.11,90.37,34.19,26.42,92.55,1
4.13,9.39,83.45,35.65,27.06,90.65,1
4.25,7.82,83.81,32.53,25.78,84.85,1
4.61,9.93,81.78,37.11,23.06,80.63,1
3.93,7.23,71.57,34.77,22.29,74.2,1
4.28,8.42,82.11,34.17,25.3,96.36,1
4.17,8.74,89.26,33.91,24.66,89.74,1
3.64,8.36,78.4,34.81,25.17,79.35,1
4.13,8.43,84.47,33.66,24.97,90.76,1
4.11,10.87,87.11,36.97,30.17,84.44,1
4.1,8.15,76.54,33.81,22.34,82.7,1
4.22,11.44,79.29,39.78,21.02,88.48,1
4.25,9.44,75.89,39.4,25.66,79.07,1
3.94,9.09,77.07,32.33,24.25,82.25,1
4.96,9.48,74.27,35.21,25.63,85.97,1
3.5,11.53,76.6,33.05,26.17,81.0,1
3.77,8.01,90.52,34.02,27.57,90.35,1
5.87,7.88,76.51,41.01,21.99,99.95,1
3.58,8.25,82.76,34.08,23.89,78.97,1
3.39,9.03,78.98,36.08,25.86,71.68,1
4.64,7.27,89.07,36.62,26.54,68.99,1
2.95,9.02,89.87,32.0,29.39,83.8,1
4.06,10.69,87.18,32.43,26.91,79.69,1
5.49,9.15,83.84,31.38,24.89,86.66,1
3.27,8.71,80.61,32.34,23.22,86.06,1
3.01,8.38,74.85,26.45,23.87,72.17,1
3.3,9.9,93.66,36.63,23.81,70.48,1
4.74,8.17,77.44,41.16,26.31,87.37,1
4.87,10.85,85.98,35.44,25.51,86.08,1
3.89,10.93,88.36,30.75,22.35,81.59,1
4.61,9.26,78.67,33.07,24.13,71.74,1
5.03,8.99,88.23,33.62,26.76,88.77,1
5.27,10.03,86.59,31.95,25.7,95.18,1
4.05,10.09,92.37,37.58,26.14,87.22,1
2.82,8.19,79.18,37.43,25.77,78.22,1
3.71,8.47,74.28,31.53,28.25,85.36,1
3.94,7.68,78.97,37.18,25.47,74.07,1
4.04,9.41,83.25,39.58,24.23,93.46,1
4.09,9.67,82.35,40.71,23.17,85.65,1
4.87,7.65,79.64,43.6,25.5,70.85,1
4.96,8.54,70.54,32.29,20.12,82.59,1
4.1,7.65,84.82,43.47,24.63,88.71,1
4.86,8.1,93.83,33.94,24.59,82.34,1
4.41,9.55,84.79,33.22,22.27,82.79,1
4.24,8.27,85.65,35.98,23.14,75.2,1
4.74,8.7,85.43,33.25,26.62,89.53,1
4.24,7.37,84.38,36.2,25.46,79.81,1
5.43,9.19,87.59,31.04,25.2,67.75,1
3.34,8.96,84.37,34.28,25.61,82.03,1
3.89,8.27,80.12,38.86,25.19,92.85,1
4.12,8.81,77.22,34.83,27.49,81.9,1
4.46,9.18,80.51,35.42,25.25,98.9,1
4.96,8.19,83.88,36.43,22.08,88.43,1
4.19,7.52,80.1,38.51,28.26,87.71,1
3.35,10.81,83.89,30.03,25.74,83.97,1
4.71,8.37,84.63,36.75,23.82,84.45,1
4.65,8.9,87.0,34.2,22.49,82.89,1
3.03,10.01,89.7,35.5,25.79,82.58,1
4.2,12.53,82.47,38.18,24.77,89.25,1
3.25,7.76,74.15,31.42,28.15,77.51,1
3.8,9.45,79.93,31.96,24.31,76.39,1
3.66,8.29,82.26,29.19,23.33,76.01,1
4.69,8.46,70.99,33.35,26.79,101.37,1
4.27,8.28,90.33,38.99,26.85,89.24,1
3.43,7.87,82.85,34.64,25.34,87.44,1
4.73,8.96,84.29,30.98,26.35,76.54,1
3.34,7.53,90.19,33.54,24.92,89.99,1
4.4,9.95,78.22,30.54,25.47,84.07,1
3.71,9.06,85.44,31.62,27.33,86.71,1
3.98,9.42,81.34,36.17,26.25,77.19,1
4.5,8.53,80.9,31.48,24.66,86.28,1
4.51,8.63,77.37,38.34,27.7,81.61,1
5.0,9.29,91.99,34.79,20.27,78.88,1
4.15,7.84,79.75,35.26,29.1,90.87,1
4.38,8.64,86.2,34.16,21.59,72.7,1
3.94,8.14,70.75,37.32,23.75,89.52,1
4.31,8.11,89.08,37.35,24.92,90.48,1
4.46,6.89,88.31,36.01,24.71,77.96,1
4.14,10.34,82.58,36.69,27.01,78.44,1
3.12,8.31,80.64,34.36,22.88,83.22,1
4.4,10.16,84.4,36.63,25.52,87.26,1
4.42,10.07,95.73,33.99,23.84,83.78,1
3.79,7.71,71.42,35.01,25.59,88.47,1
3.43,7.91,86.69,34.18,24.87,99.1,1
5.09,11.56,76.53,33.63,25.19,80.94,1
4.49,10.75,81.88,32.93,23.9,71.28,1
4.06,8.97,80.51,36.4,23.98,91.61,1
3.52,9.26,79.43,38.93,25.57,98.47,1
3.71,8.37,81.94,38.51,26.89,88.14,1
4.98,9.43,75.19,31.23,23.8,76.3,1
4.28,8.28,88.18,38.87,23.26,84.01,1
3.87,6.97,71.24,34.05,26.23,76.05,1
4.51,7.68,85.24,36.8,24.93,90.14,1
3.71,9.02,80.04,32.28,26.66,74.19,1
5.1,7.87,74.97,35.43,23.19,82.6,1
5.01,8.93,83.21,35.94,21.44,76.97,1
3.92,7.93,72.66,30.55,23.93,86.01,1
3.82,8.22,82.24,36.82,23.47,82.07,1
2.63,9.85,73.46,39.04,24.84,86.41,1
3.31,9.25,84.77,34.48,23.73,85.18,1
3.4,8.99,76.45,39.08,26.48,77.11,1
4.28,9.88,79.29,34.43,24.42,90.02,1
4.0,9.48,83.76,37.55,25.3,84.61,1
3.39,10.45,77.36,28.34,25.32,77.09,1
4.03,8.54,81.65,42.26,25.39,102.93,1
4.5,8.57,72.92,39.49,24.95,88.81,1
4.52,7.7,85.79,34.15,26.02,83.77,1
3.06,8.57,92.59,29.08,23.41,96.32,1
4.12,9.96,98.75,35.86,27.8,99.73,1
3.37,10.3,82.55,30.67,24.53,83.84,1
4.74,9.96,86.73,36.33,22.38,87.78,1
4.67,7.21,71.32,36.23,25.38,77.1,1
3.66,10.08,91.02,32.18,23.3,83.82,1
3.74,7.16,86.66,38.36,26.33,83.41,1
3.92,9.9,79.1,37.42,29.42,86.48,1
2.85,8.63,89.42,37.93,23.43,87.66,1
4.4,9.7,80.47,35.03,25.66,89.48,1
4.04,7.67,79.25,30.75,21.49,86.9,1
4.78,10.17,84.85,37.93,25.91,75.31,1
3.54,7.54,75.62,34.19,23.23,77.49,1
3.83,8.33,88.13,30.83,23.75,80.63,1
3.3,8.0,75.66,39.06,22.8,82.74,1
3.6,7.25,75.7,41.3,26.46,93.41,1
3.49,9.09,76.54,34.88,27.01,75.7,1
4.8,10.81,86.56,41.48,25.05,82.14,1
3.78,11.67,78.3,35.27,23.27,92.62,1
4.27,9.1,73.91,33.86,28.18,82.6,1
3.97,10.12,78.37,33.11,23.5,88.68,1
3.44,9.23,81.81,39.91,20.68,83.88,1
4.1,9.5,74.91,32.66,25.92,87.05,1
4.56,8.66,75.09,37.21,22.79,83.17,1
3.48,9.2,94.67,33.32,26.98,90.34,1
4.69,9.54,76.84,33.62,24.24,72.64,1
3.69,8.42,80.06,38.09,26.21,82.09,1
3.91,8.92,79.8,33.86,27.8,87.37,1
4.52,8.94,79.47,33.79,22.58,89.27,1
3.8,9.83,85.73,38.4,23.87,96.94,1
4.22,7.93,87.69,39.79,24.85,81.87,1
4.01,8.95,80.16,36.93,28.08,96.84,1
4.28,10.91,74.58,33.04,23.68,79.73,1
2.77,10.16,89.65,33.47,23.81,95.63,1
3.1,10.35,81.43,35.24,25.96,91.54,1
4.57,9.02,92.38,35.96,23.85,77.69,1
4.82,9.32,68.53,32.04,25.31,87.46,1
3.65,10.0,83.17,37.17,21.9,84.59,1
4.05,10.56,93.51,35.26,29.43,90.0,1
4.38,7.05,79.88,29.85,22.3,83.21,1
4.62,7.68,80.65,32.21,24.36,82.54,1
2.98,10.31,83.77,33.49,24.94,95.95,1
3.67,8.72,78.65,34.78,28.83,84.21,1
4.0,8.33,80.13,40.67,22.35,91.61,1
4.62,7.75,79.97,35.71,28.97,83.2,1
5.7,8.44,78.24,32.48,26.51,98.33,1
4.06,7.6,89.37,35.66,25.83,79.57,1
3.36,11.09,84.77,33.94,23.03,80.09,1
4.44,8.98,83.5,35.97,26.14,97.2,1
4.99,8.94,86.85,36.74,23.55,81.44,1
4.26,9.59,80.41,38.63,27.53,97.81,1
3.66,9.96,77.35,34.93,23.06,92.13,1
4.77,9.95,78.38,39.92,24.77,83.76,1
4.6,10.07,82.01,37.72,23.89,70.49,1
3.58,8.37,75.64,32.88,23.02,84.85,1
4.43,8.7,79.0,41.63,26.48,85.81,1
4.8,9.77,78.9,35.98,26.07,94.34,1
4.91,8.47,94.75,32.49,27.42,97.71,1
4.16,8.99,65.36,39.96,21.44,79.52,1
3.99,9.4,80.92,41.23,27.13,91.41,1
